INSERT INTO Customer VALUES
('CS001','Mr. Hendy','085745617832','Citra Road','Male','stefanushendy@mail.co.id'),
('CS002','Mr. Natan','081245689855','Bahagia Street','Male','natanael@mail.co.id'),
('CS003','Mrs. Hani','081857612722','Makmur Street','Female','hani@mail.com'),
('CS004','Mr. Natan','081245689855','Bahagia Street','Male','natanael@mail.com'),
('CS005','Mrs. Natalia Stefani','087462758342','Cinta Street','Female','nataliastefani@mail.com'),
('CS006','Mr. Nicholas Brian','081245645211','Pintar Street','Male','nicholasbrian@mail.co.id'),
('CS007','Mr. Jonathan Sebastian','082366574321','Logika Road','Male','jonathansebastian@mail.co.id'),
('CS008','Mr. Johnson','081445689565','Pecenongan Road','Male','johnson@mail.com'),
('CS009','Mrs. Cantika','085675633811','Cantik Street','Female','cantika@mail.co.id'),
('CS010','Mr. Gregorius','085555669855','Jalan Street','Male','gregorius@mail.com'),
('CS011','Mr. Nikolas Sutio','081255589855','Lokasi Road','Male','nikolassutio@mail.co.id')

INSERT INTO Staff VALUES
('ST001','Henei','089677982344','Male','henei@staff.com',4000000,'Pintar Road'),
('ST002','Meyliana Chen','089671144532','Female','meylianachen@staff.com',3500000,'Bisnis Street'),
('ST003','Yatno','084373385554','Male','yatno@staff.com',1500000,'Sedekah Road'),
('ST004','Tanuwijaya','089676755554','Male','tanuwijaya@staff.com',3500000,'Pintar Road'),
('ST005','Jason Tanuwijaya','089671184464','Male','jasontanuwijaya@staff.com',5000000,'Jalan Street'),
('ST006','Hannah Maria','089445966344','Female','hannahmaria@staff.com',3000000,'Lokasi Road'),
('ST007','Jenny','083437985544','Female','jenny@staff.com',3000000,'Pecenongan Road'),
('ST008','Dominic Nikolas','089676671156','Male','dominicnikolas@staff.com',4000000,'Bijaksana Street'),
('ST009','Rindy','081156988944','Female','rindy@staff.com',1500000,'Cantik Street'),
('ST010','Naruto Uzumaki','084553215565','Male','narutouzumaki@staff.com',4000000,'Makmur Street'),
('ST011','Sakura Halim','089675671123','Female','sakurahalim@staff.com',3000000,'Lokasi Road')

INSERT INTO Supplier VALUES
('SP001','Mr. Feryanto Santo','085644355867','Male','feryantosanto@supplier.com','Makmur Street'),
('SP002','Mrs. Meliana','085122355432','Female','meliana@supplier.com','Logika Road'),
('SP003','Mr. Agustus','085621375337','Male','agustus@supplier.com','Bulan Street'),
('SP004','Mrs. Melinda','085111375467','Female','melinda@supplier.com','Pintar Street'),
('SP005','Mrs. Jessica Kurniawan','084441758671','Female','jessicakurniawan@supplier.com','Panjang Road'),
('SP006','Mr. Erico','085664453444','Male','erico@supplier.com','Pecenongan Road'),
('SP007','Mr. Lukman Satro','085167353336','Male','lukmansatro@supplier.com','Lokasi Road'),
('SP008','Mrs. Mitchi','085611267337','Female','mitchi@supplier.com','Trendy Road'),
('SP009','Mr. Kenny Sein','085144657867','Male','kennysein@supplier.com','Ceria Street'),
('SP010','Mr. Steven John','085644311147','Male','stevenjohn@supplier.com','Panjang Road'),
('SP011','Mr. James','085145354463','Male','james@supplier.com','Agen Street')

INSERT INTO BoatType VALUES
('BT001','Banana Boat'),
('BT002','Cruise Ship'),
('BT003','Ferry Ship'),
('BT004','Passanger Ship'),
('BT005','Motor Boat'),
('BT006','Fishing Boat'),
('BT007','Container Ship'),
('BT008','House Boat'),
('BT009','Jet Boat'),
('BT010','Sail Boat'),
('BT011','Submarine')

INSERT INTO Boat VALUES
('BO001','BT009','Stefanus',400000,25000000),
('BO002','BT004','Marina',2000000,100000000),
('BO003','BT011','Jedar',5000000,200000000),
('BO004','BT001','Jimmytim',100000,5000000),
('BO005','BT002','Davida',50000000,500000000),
('BO006','BT006','Pejuang',500000,15000000),
('BO007','BT008','SafePlace',900000,90000000),
('BO008','BT010','SaltSail',500000,50000000),
('BO009','BT003','FerryCinta',10000000,1000000000),
('BO010','BT005','FastLight',500000,50000000),
('BO011','BT007','CarryCarry',2000000,200000000)

INSERT INTO rentTransaction VALUES
('TR001','CS001','ST001','2018-11-10 11:21:11',10),
('TR002','CS001','ST001','2018-11-10 12:55:26',5),
('TR003','CS002','ST002','2018-11-11 09:21:10',2),
('TR004','CS003','ST003','2018-11-11 13:51:09',4),
('TR005','CS004','ST004','2018-11-12 11:51:01',7),
('TR006','CS005','ST005','2018-11-12 12:33:21',10),
('TR007','CS006','ST006','2018-11-12 13:21:55',5),
('TR008','CS007','ST007','2018-11-13 10:43:20',2),
('TR009','CS008','ST008','2018-11-13 11:44:11',1),
('TR010','CS009','ST009','2018-11-13 12:10:14',2),
('TR011','CS010','ST010','2018-11-13 14:20:44',6),
('TR012','CS011','ST011','2018-11-14 09:34:33',3),
('TR013','CS002','ST002','2018-11-14 09:55:56',7),
('TR014','CS003','ST003','2018-11-14 11:09:01',1),
('TR015','CS004','ST004','2018-11-14 14:56:22',9),
('TR016','CS005','ST005','2018-11-15 13:51:10',10),
('TR017','CS006','ST006','2018-11-16 10:24:17',10),
('TR018','CS007','ST007','2018-12-07 11:23:22',5),
('TR019','CS008','ST008','2018-12-09 12:17:18',5),
('TR020','CS009','ST009','2018-12-10 09:51:56',7),
('TR021','CS010','ST010','2018-12-11 10:11:43',8),
('TR022','CS011','ST011','2018-12-11 13:11:11',9),
('TR023','CS001','ST001','2018-12-12 09:44:44',1),
('TR024','CS002','ST002','2018-12-12 13:13:13',4),
('TR025','CS003','ST003','2018-12-13 11:12:13',6),
('TR026','CS004','ST004','2018-12-14 12:21:12',8)

INSERT INTO purchaseTransaction VALUES
('TP001','ST001','SP001','2018-03-13 09:12:45',12),
('TP002','ST002','SP002','2018-03-14 10:44:11',13),
('TP003','ST003','SP003','2018-03-15 11:22:23',14),
('TP004','ST004','SP004','2018-03-16 12:54:12',15),
('TP005','ST005','SP005','2018-03-17 13:45:11',16),
('TP006','ST006','SP006','2018-03-18 14:22:11',17),
('TP007','ST007','SP007','2018-03-19 09:23:12',10),
('TP008','ST008','SP008','2018-03-20 10:24:25',9),
('TP009','ST009','SP009','2018-03-21 11:22:11',10),
('TP010','ST003','SP003','2018-03-21 13:34:22',8),
('TP011','ST010','SP010','2018-06-22 12:43:12',11),
('TP012','ST011','SP011','2018-06-23 13:55:11',12),
('TP013','ST001','SP001','2018-06-24 14:22:12',13),
('TP014','ST002','SP002','2018-06-25 09:31:09',14),
('TP015','ST003','SP003','2018-06-26 10:10:12',15),
('TP016','ST004','SP004','2018-06-27 11:11:13',16),
('TP017','ST005','SP005','2018-06-28 12:12:12',17),
('TP018','ST006','SP006','2018-06-29 13:57:11',18),
('TP019','ST007','SP007','2018-06-30 14:15:43',9),
('TP020','ST008','SP008','2018-07-01 09:56:15',10),
('TP021','ST009','SP009','2018-07-02 10:22:53',12),
('TP022','ST010','SP010','2018-07-03 11:13:12',11),
('TP023','ST011','SP011','2018-07-04 12:56:32',15),
('TP024','ST001','SP001','2018-07-05 13:33:33',11),
('TP025','ST002','SP002','2018-07-06 14:14:15',7),
('TP026','ST004','SP004','2018-07-11 09:33:55',5)

INSERT INTO rentTransactionDetail VALUES
('TR001','BO001'),
('TR002','BO006'),
('TR003','BO011'),
('TR004','BO004'),
('TR005','BO007'),
('TR006','BO003'),
('TR007','BO002'),
('TR008','BO005'),
('TR009','BO006'),
('TR010','BO009'),
('TR011','BO010'),
('TR012','BO008'),
('TR013','BO001'),
('TR014','BO002'),
('TR015','BO003'),
('TR016','BO004'),
('TR017','BO005'),
('TR018','BO006'),
('TR019','BO007'),
('TR020','BO008'),
('TR021','BO009'),
('TR022','BO010'),
('TR023','BO011'),
('TR024','BO007'),
('TR025','BO004'),
('TR026','BO008')

INSERT INTO purchaseTransactionDetail VALUES
('TP001','BO001'),
('TP002','BO002'),
('TP003','BO003'),
('TP004','BO004'),
('TP005','BO005'),
('TP006','BO006'),
('TP007','BO007'),
('TP008','BO008'),
('TP009','BO009'),
('TP010','BO003'),
('TP011','BO010'),
('TP012','BO011'),
('TP013','BO001'),
('TP014','BO002'),
('TP015','BO003'),
('TP016','BO004'),
('TP017','BO005'),
('TP018','BO006'),
('TP019','BO007'),
('TP020','BO008'),
('TP021','BO009'),
('TP022','BO010'),
('TP023','BO011'),
('TP024','BO001'),
('TP025','BO002'),
('TP026','BO004')